{
	"aquaculture:arapaima":
	{
		"fishing": 25
	},
	"aquaculture:arrau_turtle":
	{
		"fishing": 25
	},
	"aquaculture:atlantic_cod":
	{
		"fishing": 25
	},
	"aquaculture:atlantic_halibut":
	{
		"fishing": 25
	},
	"aquaculture:atlantic_herring":
	{
		"fishing": 25
	},
	"aquaculture:bayad":
	{
		"fishing": 25
	},
	"aquaculture:blackfish":
	{
		"fishing": 25
	},
	"aquaculture:bluegill":
	{
		"fishing": 25
	},
	"aquaculture:boulti":
	{
		"fishing": 25
	},
	"aquaculture:box_turtle":
	{
		"fishing": 25
	},
	"aquaculture:brown_shrooma":
	{
		"fishing": 25
	},
	"aquaculture:brown_trout":
	{
		"fishing": 25
	},
	"aquaculture:capitaine":
	{
		"fishing": 25
	},
	"aquaculture:carp":
	{
		"fishing": 25
	},
	"aquaculture:catfish":
	{
		"fishing": 25
	},
	"aquaculture:frog":
	{
		"fishing": 25
	},
	"aquaculture:gar":
	{
		"fishing": 25
	},
	"aquaculture:goldfish":
	{
		"fishing": 25
	},
	"aquaculture:jellyfish":
	{
		"fishing": 25
	},
	"aquaculture:leech":
	{
		"fishing": 25
	},
	"aquaculture:minnow":
	{
		"fishing": 25
	},
	"aquaculture:muskellunge":
	{
		"fishing": 25
	},
	"aquaculture:pacific_halibut":
	{
		"fishing": 25
	},
	"aquaculture:perch":
	{
		"fishing": 25
	},
	"aquaculture:pink_salmon":
	{
		"fishing": 25
	},
	"aquaculture:piranha":
	{
		"fishing": 25
	},
	"aquaculture:pollock":
	{
		"fishing": 25
	},
	"aquaculture:rainbow_trout":
	{
		"fishing": 25
	},
	"aquaculture:red_grouper":
	{
		"fishing": 25
	},
	"aquaculture:red_shrooma":
	{
		"fishing": 25
	},
	"aquaculture:smallmouth_bass":
	{
		"fishing": 25
	},
	"aquaculture:starshell_turtle":
	{
		"fishing": 25
	},
	"aquaculture:synodontis":
	{
		"fishing": 25
	},
	"aquaculture:tambaqui":
	{
		"fishing": 25
	},
	"aquaculture:tuna":
	{
		"fishing": 25
	},
	"minecraft:cod":
	{
		"fishing": 20
	},
	"minecraft:leather":
	{
		"fishing": 25
	},
	"minecraft:name_tag":
	{
		"fishing": 60
	},
	"minecraft:pufferfish":
	{
		"fishing": 35
	},
	"minecraft:saddle":
	{
		"fishing": 75
	},
	"minecraft:salmon":
	{
		"fishing": 25
	},
	"minecraft:tripwire_hook":
	{
		"fishing": 35
	},
	"minecraft:tropical_fish":
	{
		"fishing": 200
	}
}