{
	"aquaculture:fish_fillet_raw":
	{
		"cooking": 7.5
	},
	"aquaculture:frog_legs_raw":
	{
		"cooking": 7.5
	},
	"foodexpansion:bacon":
	{
		"cooking": 7.5
	},
	"foodexpansion:bat_wing":
	{
		"cooking": 7.5
	},
	"foodexpansion:dough":
	{
		"cooking": 7.5
	},
	"foodexpansion:horse_meat":
	{
		"cooking": 7.5
	},
	"foodexpansion:llama_meat":
	{
		"cooking": 7.5
	},
	"foodexpansion:ocelot_meat":
	{
		"cooking": 7.5
	},
	"foodexpansion:parrot_meat":
	{
		"cooking": 7.5
	},
	"foodexpansion:polar_bear_meat":
	{
		"cooking": 7.5
	},
	"foodexpansion:squid":
	{
		"cooking": 7.5
	},
	"foodexpansion:wolf_meat":
	{
		"cooking": 7.5
	},
	"lycanitesmobs:raw_arisaur_meat":
	{
		"cooking": 40
	},
	"lycanitesmobs:raw_aspid_meat":
	{
		"cooking": 30
	},
	"lycanitesmobs:raw_chupacabra_meat":
	{
		"cooking": 35
	},
	"lycanitesmobs:raw_concapede_meat":
	{
		"cooking": 40
	},
	"lycanitesmobs:raw_ika_meat":
	{
		"cooking": 40
	},
	"lycanitesmobs:raw_joust_meat":
	{
		"cooking": 35
	},
	"lycanitesmobs:raw_krake_meat":
	{
		"cooking": 30
	},
	"lycanitesmobs:raw_maka_meat":
	{
		"cooking": 40
	},
	"lycanitesmobs:raw_pinky_meat":
	{
		"cooking": 40
	},
	"lycanitesmobs:raw_silex_meat":
	{
		"cooking": 30
	},
	"lycanitesmobs:raw_yale_meat":
	{
		"cooking": 35
	},
	"lycanitesmobs:raw_yeti_meat":
	{
		"cooking": 40
	},
	"minecraft:beef":
	{
		"cooking": 10
	},
	"minecraft:beetroot_seed":
	{
		"cooking": 5
	},
	"minecraft:brown_mushroom":
	{
		"cooking": 7.5
	},
	"minecraft:cactus":
	{
		"cooking": 12.5,
		"crafting": 4
	},
	"minecraft:chicken":
	{
		"cooking": 7.5
	},
	"minecraft:chorus_fruit":
	{
		"cooking": 25,
		"crafting": 22.5
	},
	"minecraft:cod":
	{
		"cooking": 5
	},
	"minecraft:egg":
	{
		"cooking": 7.5
	},
	"minecraft:kelp":
	{
		"cooking": 6,
		"crafting": 5
	},
	"minecraft:melon_seed":
	{
		"cooking": 5
	},
	"minecraft:mutton":
	{
		"cooking": 7.5
	},
	"minecraft:porkchop":
	{
		"cooking": 12.5
	},
	"minecraft:potato":
	{
		"cooking": 5
	},
	"minecraft:pumpkin_seed":
	{
		"cooking": 5
	},
	"minecraft:rabbit":
	{
		"cooking": 15
	},
	"minecraft:red_mushroom":
	{
		"cooking": 7.5
	},
	"minecraft:salmon":
	{
		"cooking": 7.5
	},
	"minecraft:sea_pickle":
	{
		"cooking": 12.5,
		"crafting": 3
	},
	"minecraft:wet_sponge":
	{
		"cooking": 15,
		"crafting": 15
	},
	"minecraft:wheat_seed":
	{
		"cooking": 5
	}
}