{
	"#forge:saplings":
	{
		"farming": 10
	},
	"#minecraft:saplings":
	{
		"farming": 10
	},
	"ars_nouveau:blue_archwood_sapling":
	{
		"farming": 23.5
	},
	"ars_nouveau:green_archwood_sapling":
	{
		"farming": 21.5
	},
	"ars_nouveau:purple_archwood_sapling":
	{
		"farming": 26.5
	},
	"ars_nouveau:red_archwood_sapling":
	{
		"farming": 22.5
	},
	"ars_nouveau:mana_bloom_crop":
	{
		"farming": 14
	},
	"autumnity:maple_sapling":
	{
		"farming": 25
	},
	"autumnity:orange_maple_sapling":
	{
		"farming": 35
	},
	"autumnity:red_maple_sapling":
	{
		"farming": 30
	},
	"autumnity:yellow_maple_sapling":
	{
		"farming": 30
	},
	"biomesoplenty:dead_sapling":
	{
		"farming": 3
	},
	"biomesoplenty:fir_sapling":
	{
		"farming": 20
	},
	"biomesoplenty:flowering_oak_sapling":
	{
		"farming": 15
	},
	"biomesoplenty:hellbark_sapling":
	{
		"farming": 25
	},
	"biomesoplenty:jacaranda_sapling":
	{
		"farming": 30
	},
	"biomesoplenty:magic_sapling":
	{
		"farming": 20,
		"magic": 20
	},
	"biomesoplenty:mahogany_sapling":
	{
		"farming": 40
	},
	"biomesoplenty:maple_sapling":
	{
		"farming": 40
	},
	"biomesoplenty:orange_autumn_sapling":
	{
		"farming": 30
	},
	"biomesoplenty:origin_sapling":
	{
		"farming": 5
	},
	"biomesoplenty:palm_sapling":
	{
		"farming": 40
	},
	"biomesoplenty:pink_cherry_sapling":
	{
		"farming": 35
	},
	"biomesoplenty:rainbow_birch_sapling":
	{
		"farming": 35
	},
	"biomesoplenty:redwood_sapling":
	{
		"farming": 25
	},
	"biomesoplenty:umbran_sapling":
	{
		"farming": 30
	},
	"biomesoplenty:white_cherry_sapling":
	{
		"farming": 35
	},
	"biomesoplenty:willow_sapling":
	{
		"farming": 35
	},
	"biomesoplenty:yellow_autumn_sapling":
	{
		"farming": 30
	},
	"minecraft:acacia_sapling":
	{
		"farming": 30
	},
	"minecraft:bamboo":
	{
		"farming": 1.2
	},
	"minecraft:bamboo_sapling":
	{
		"farming": 1.2
	},
	"minecraft:beetroot":
	{
		"farming": 12
	},
	"minecraft:beetroots":
	{
		"farming": 12
	},
	"minecraft:birch_sapling":
	{
		"farming": 20
	},
	"minecraft:cactus":
	{
		"farming": 6
	},
	"minecraft:carrot":
	{
		"farming": 8
	},
	"minecraft:carrots":
	{
		"farming": 8
	},
	"minecraft:cocoa":
	{
		"farming": 17
	},
	"minecraft:dark_oak_sapling":
	{
		"farming": 15
	},
	"minecraft:jungle_sapling":
	{
		"farming": 25
	},
	"minecraft:kelp":
	{
		"farming": 2
	},
	"minecraft:kelp_plant":
	{
		"farming": 2
	},
	"minecraft:nether_wart":
	{
		"farming": 11
	},
	"minecraft:oak_sapling":
	{
		"farming": 10
	},
	"minecraft:potato":
	{
		"farming": 6.6
	},
	"minecraft:potatoes":
	{
		"farming": 6.6
	},
	"minecraft:sea_pickle":
	{
		"farming": 4
	},
	"minecraft:spruce_sapling":
	{
		"farming": 15
	},
	"minecraft:sugar_cane":
	{
		"farming": 5
	},
	"minecraft:wheat":
	{
		"farming": 9
	},
	"minecraft:wheat_seeds":
	{
		"farming": 9
	},
	"traverse:brown_autumnal_sapling":
	{
		"farming": 30
	},
	"traverse:fir_sapling":
	{
		"farming": 20
	},
	"traverse:orange_autumnal_sapling":
	{
		"farming": 35
	},
	"traverse:red_autumnal_sapling":
	{
		"farming": 35
	},
	"traverse:yellow_autumnal_sapling":
	{
		"farming": 30
	},
	"treemendous:alder_sapling":
	{
		"farming": 15
	},
	"treemendous:ash_sapling":
	{
		"farming": 15
	},
	"treemendous:beech_sapling":
	{
		"farming": 15
	},
	"treemendous:brown_maple_sapling":
	{
		"farming": 15
	},
	"treemendous:cedar_sapling":
	{
		"farming": 15
	},
	"treemendous:cherry_sapling":
	{
		"farming": 15
	},
	"treemendous:chestnut_sapling":
	{
		"farming": 15
	},
	"treemendous:douglas_sapling":
	{
		"farming": 15
	},
	"treemendous:elm_sapling":
	{
		"farming": 15
	},
	"treemendous:fir_sapling":
	{
		"farming": 15
	},
	"treemendous:japanese_sapling":
	{
		"farming": 15
	},
	"treemendous:juniper_sapling":
	{
		"farming": 15
	},
	"treemendous:larch_sapling":
	{
		"farming": 15
	},
	"treemendous:linden_sapling":
	{
		"farming": 15
	},
	"treemendous:magnolia_sapling":
	{
		"farming": 15
	},
	"treemendous:maple_sapling":
	{
		"farming": 15
	},
	"treemendous:pine_sapling":
	{
		"farming": 15
	},
	"treemendous:plane_sapling":
	{
		"farming": 15
	},
	"treemendous:pomegranate_sapling":
	{
		"farming": 15
	},
	"treemendous:poplar_sapling":
	{
		"farming": 15
	},
	"treemendous:rainbow_eucalyptus_sapling":
	{
		"farming": 15
	},
	"treemendous:red_maple_sapling":
	{
		"farming": 15
	},
	"treemendous:robinia_sapling":
	{
		"farming": 15
	},
	"treemendous:walnut_sapling":
	{
		"farming": 15
	},
	"treemendous:willow_sapling":
	{
		"farming": 15
	}
}