{
    "parent": "block/orientable",
    "textures": {
        "top": "mcpatcher/cit/blocks/comp_top",
        "front": "mcpatcher/cit/blocks/comp_front",
        "side": "mcpatcher/cit/blocks/comp_side"
    },
    "display": {
		"thirdperson": {
			"rotation": [-180, 135, 0],
			"translation": [0, 2, -2],
			"scale": [0.25, 0.25, 0.25]
		},
		"ground": {
			"scale": [0.5, 0.5, 0.5]
		},
		"gui": {
			"translation": [0, 0, 0],
			"scale": [1, 1, 1]
		},
		"fixed": {
			"translation": [0, 0, 0],
			"scale": [1, 1, 1]
		}
	}

}