{
	"aquaculture:jellyfish":
	{
		"alchemy": 6
	},
	"aquaculture:leech":
	{
		"alchemy": 6
	},
	"minecraft:blaze_powder":
	{
		"alchemy": 9
	},
	"minecraft:dragon_breath":
	{
		"alchemy": 35
	},
	"minecraft:fermented_spider_eye":
	{
		"alchemy": 12
	},
	"minecraft:ghast_tear":
	{
		"alchemy": 20
	},
	"minecraft:glistering_melon_slice":
	{
		"alchemy": 12
	},
	"minecraft:glowstone_dust":
	{
		"alchemy": 9
	},
	"minecraft:golden_carrot":
	{
		"alchemy": 11
	},
	"minecraft:gunpowder":
	{
		"alchemy": 7.5
	},
	"minecraft:magma_cream":
	{
		"alchemy": 17
	},
	"minecraft:nether_wart":
	{
		"alchemy": 6
	},
	"minecraft:phantom_membrane":
	{
		"alchemy": 17
	},
	"minecraft:pufferfish":
	{
		"alchemy": 5
	},
	"minecraft:rabbit_foot":
	{
		"alchemy": 20
	},
	"minecraft:redstone":
	{
		"alchemy": 8
	},
	"minecraft:spider_eye":
	{
		"alchemy": 9
	},
	"minecraft:sugar":
	{
		"alchemy": 3
	},
	"minecraft:turtle_helmet":
	{
		"alchemy": 45
	}
}